{
  "Ballard": {
    "total": 292,
    "modes": {
      "Drove Alone": 176,
      "Carpool": 18,
      "Transit": 0,
      "Walked": 9,
      "Other": 34,
      "Work from Home": 55
    },
    "pcts": {
      "Drove Alone": 0.6027397260273972,
      "Carpool": 0.06164383561643835,
      "Transit": 0,
      "Walked": 0.030821917808219176,
      "Other": 0.11643835616438356,
      "Work from Home": 0.18835616438356165
    },
    "wfhPct": 0.19,
    "vehicles": {
      "No vehicle": 0,
      "1 vehicle": 58,
      "2 vehicles": 76,
      "3+ vehicles": 158
    }
  },
  "Buellton": {
    "total": 2954,
    "modes": {
      "Drove Alone": 2221,
      "Carpool": 288,
      "Transit": 39,
      "Walked": 30,
      "Other": 63,
      "Work from Home": 313
    },
    "pcts": {
      "Drove Alone": 0.7518618821936357,
      "Carpool": 0.0974949221394719,
      "Transit": 0.013202437373053487,
      "Walked": 0.010155721056194989,
      "Other": 0.02132701421800948,
      "Work from Home": 0.10595802301963439
    },
    "wfhPct": 0.11,
    "vehicles": {
      "No vehicle": 17,
      "1 vehicle": 569,
      "2 vehicles": 1155,
      "3+ vehicles": 1213
    }
  },
  "Carpinteria": {
    "total": 6495,
    "modes": {
      "Drove Alone": 4106,
      "Carpool": 675,
      "Transit": 177,
      "Walked": 404,
      "Other": 214,
      "Work from Home": 919
    },
    "pcts": {
      "Drove Alone": 0.6321785989222479,
      "Carpool": 0.10392609699769054,
      "Transit": 0.02725173210161663,
      "Walked": 0.062201693610469594,
      "Other": 0.03294842186297152,
      "Work from Home": 0.14149345650500386
    },
    "wfhPct": 0.14,
    "vehicles": {
      "No vehicle": 46,
      "1 vehicle": 1280,
      "2 vehicles": 2820,
      "3+ vehicles": 2349
    }
  },
  "Casmalia": {
    "total": 30,
    "modes": {
      "Drove Alone": 0,
      "Carpool": 0,
      "Transit": 0,
      "Walked": 0,
      "Other": 0,
      "Work from Home": 30
    },
    "pcts": {
      "Drove Alone": 0,
      "Carpool": 0,
      "Transit": 0,
      "Walked": 0,
      "Other": 0,
      "Work from Home": 1
    },
    "wfhPct": 1,
    "vehicles": {
      "No vehicle": 0,
      "1 vehicle": 30,
      "2 vehicles": 0,
      "3+ vehicles": 0
    }
  },
  "Cuyama": {
    "total": 14,
    "modes": {
      "Drove Alone": 14,
      "Carpool": 0,
      "Transit": 0,
      "Walked": 0,
      "Other": 0,
      "Work from Home": 0
    },
    "pcts": {
      "Drove Alone": 1,
      "Carpool": 0,
      "Transit": 0,
      "Walked": 0,
      "Other": 0,
      "Work from Home": 0
    },
    "wfhPct": null,
    "vehicles": {
      "No vehicle": 0,
      "1 vehicle": 0,
      "2 vehicles": 0,
      "3+ vehicles": 14
    }
  },
  "Eastern Goleta Valley": {
    "total": 12770,
    "modes": {
      "Drove Alone": 8230,
      "Carpool": 848,
      "Transit": 246,
      "Walked": 268,
      "Other": 579,
      "Work from Home": 2599
    },
    "pcts": {
      "Drove Alone": 0.6444792482380579,
      "Carpool": 0.06640563821456538,
      "Transit": 0.019263899765074394,
      "Walked": 0.020986687548942836,
      "Other": 0.04534064212999217,
      "Work from Home": 0.20352388410336728
    },
    "wfhPct": 0.2,
    "vehicles": {
      "No vehicle": 221,
      "1 vehicle": 1736,
      "2 vehicles": 5262,
      "3+ vehicles": 5551
    }
  },
  "Garey": {
    "total": 22,
    "modes": {
      "Drove Alone": 22,
      "Carpool": 0,
      "Transit": 0,
      "Walked": 0,
      "Other": 0,
      "Work from Home": 0
    },
    "pcts": {
      "Drove Alone": 1,
      "Carpool": 0,
      "Transit": 0,
      "Walked": 0,
      "Other": 0,
      "Work from Home": 0
    },
    "wfhPct": null,
    "vehicles": {
      "No vehicle": 0,
      "1 vehicle": 12,
      "2 vehicles": 0,
      "3+ vehicles": 10
    }
  },
  "Goleta": {
    "total": 17526,
    "modes": {
      "Drove Alone": 10816,
      "Carpool": 1835,
      "Transit": 418,
      "Walked": 460,
      "Other": 870,
      "Work from Home": 3127
    },
    "pcts": {
      "Drove Alone": 0.6171402487732511,
      "Carpool": 0.10470158621476663,
      "Transit": 0.02385027958461714,
      "Walked": 0.026246719160104987,
      "Other": 0.04964053406367682,
      "Work from Home": 0.17842063220358326
    },
    "wfhPct": 0.18,
    "vehicles": {
      "No vehicle": 361,
      "1 vehicle": 3006,
      "2 vehicles": 7032,
      "3+ vehicles": 7127
    }
  },
  "Guadalupe": {
    "total": 2972,
    "modes": {
      "Drove Alone": 2327,
      "Carpool": 462,
      "Transit": 45,
      "Walked": 48,
      "Other": 9,
      "Work from Home": 81
    },
    "pcts": {
      "Drove Alone": 0.7829744279946165,
      "Carpool": 0.15545087483176312,
      "Transit": 0.015141318977119785,
      "Walked": 0.016150740242261104,
      "Other": 0.003028263795423957,
      "Work from Home": 0.02725437415881561
    },
    "wfhPct": 0.03,
    "vehicles": {
      "No vehicle": 30,
      "1 vehicle": 501,
      "2 vehicles": 1153,
      "3+ vehicles": 1288
    }
  },
  "Isla Vista": {
    "total": 5718,
    "modes": {
      "Drove Alone": 3037,
      "Carpool": 278,
      "Transit": 220,
      "Walked": 918,
      "Other": 868,
      "Work from Home": 397
    },
    "pcts": {
      "Drove Alone": 0.531129765652326,
      "Carpool": 0.04861839804127317,
      "Transit": 0.03847499125568381,
      "Walked": 0.16054564533053514,
      "Other": 0.15180132913606156,
      "Work from Home": 0.06942987058412033
    },
    "wfhPct": 0.06,
    "vehicles": {
      "No vehicle": 650,
      "1 vehicle": 1793,
      "2 vehicles": 1411,
      "3+ vehicles": 1864
    }
  },
  "Lompoc": {
    "total": 17672,
    "modes": {
      "Drove Alone": 11743,
      "Carpool": 2998,
      "Transit": 747,
      "Walked": 745,
      "Other": 378,
      "Work from Home": 1061
    },
    "pcts": {
      "Drove Alone": 0.6644975101856043,
      "Carpool": 0.1696468990493436,
      "Transit": 0.04227025803531009,
      "Walked": 0.042157084653689454,
      "Other": 0.021389769126301493,
      "Work from Home": 0.06003847894975102
    },
    "wfhPct": 0.06,
    "vehicles": {
      "No vehicle": 848,
      "1 vehicle": 3397,
      "2 vehicles": 6077,
      "3+ vehicles": 7350
    }
  },
  "Los Alamos": {
    "total": 367,
    "modes": {
      "Drove Alone": 190,
      "Carpool": 88,
      "Transit": 0,
      "Walked": 11,
      "Other": 0,
      "Work from Home": 78
    },
    "pcts": {
      "Drove Alone": 0.5177111716621253,
      "Carpool": 0.23978201634877383,
      "Transit": 0,
      "Walked": 0.02997275204359673,
      "Other": 0,
      "Work from Home": 0.2125340599455041
    },
    "wfhPct": 0.2,
    "vehicles": {
      "No vehicle": 0,
      "1 vehicle": 81,
      "2 vehicles": 218,
      "3+ vehicles": 68
    }
  },
  "Los Olivos": {
    "total": 400,
    "modes": {
      "Drove Alone": 254,
      "Carpool": 9,
      "Transit": 0,
      "Walked": 39,
      "Other": 0,
      "Work from Home": 98
    },
    "pcts": {
      "Drove Alone": 0.635,
      "Carpool": 0.0225,
      "Transit": 0,
      "Walked": 0.0975,
      "Other": 0,
      "Work from Home": 0.245
    },
    "wfhPct": 0.25,
    "vehicles": {
      "No vehicle": 0,
      "1 vehicle": 64,
      "2 vehicles": 169,
      "3+ vehicles": 167
    }
  },
  "Mission Canyon": {
    "total": 1124,
    "modes": {
      "Drove Alone": 597,
      "Carpool": 37,
      "Transit": 0,
      "Walked": 43,
      "Other": 20,
      "Work from Home": 427
    },
    "pcts": {
      "Drove Alone": 0.5311387900355872,
      "Carpool": 0.03291814946619217,
      "Transit": 0,
      "Walked": 0.03825622775800712,
      "Other": 0.017793594306049824,
      "Work from Home": 0.3798932384341637
    },
    "wfhPct": 0.38,
    "vehicles": {
      "No vehicle": 0,
      "1 vehicle": 41,
      "2 vehicles": 638,
      "3+ vehicles": 445
    }
  },
  "Mission Hills": {
    "total": 1653,
    "modes": {
      "Drove Alone": 1096,
      "Carpool": 186,
      "Transit": 162,
      "Walked": 49,